{
  "seq_len": 500,
  "hidden_dim": 128,
  "batch_size": 128,
  "learning_rate": 0.001,
  "epochs": 30,
  "test_accuracy": 0.9571788413098237,
  "train_acc_curve": [
    0.05787730641854597,
    0.8028702097460968,
    0.9990537770067812,
    1.0,
    1.0,
    1.0,
    1.0,
    1.0,
    1.0,
    1.0,
    1.0,
    1.0,
    1.0,
    1.0,
    1.0,
    1.0,
    1.0,
    1.0,
    1.0,
    1.0,
    1.0,
    1.0,
    1.0,
    1.0,
    1.0,
    1.0,
    1.0,
    1.0,
    1.0,
    1.0
  ],
  "val_acc_curve": [
    0.2689393939393939,
    0.8055555555555556,
    0.9191919191919192,
    0.9419191919191919,
    0.9545454545454546,
    0.9595959595959596,
    0.9608585858585859,
    0.9608585858585859,
    0.9608585858585859,
    0.9608585858585859,
    0.9608585858585859,
    0.9608585858585859,
    0.9621212121212122,
    0.9633838383838383,
    0.9646464646464646,
    0.9646464646464646,
    0.9646464646464646,
    0.9659090909090909,
    0.9659090909090909,
    0.9659090909090909,
    0.9646464646464646,
    0.9646464646464646,
    0.9659090909090909,
    0.9646464646464646,
    0.9659090909090909,
    0.9671717171717171,
    0.9671717171717171,
    0.9671717171717171,
    0.9671717171717171,
    0.9671717171717171
  ]
}