{
  "seq_len": 100,
  "hidden_dim": 128,
  "batch_size": 128,
  "learning_rate": 0.001,
  "epochs": 30,
  "test_accuracy": 0.986636409480585,
  "train_acc_curve": [
    0.3699722607489598,
    0.9224246627159248,
    0.9915521371832051,
    0.9995902156096331,
    1.0,
    1.0,
    1.0,
    1.0,
    1.0,
    1.0,
    1.0,
    1.0,
    1.0,
    1.0,
    1.0,
    1.0,
    1.0,
    1.0,
    1.0,
    1.0,
    1.0,
    1.0,
    1.0,
    1.0,
    1.0,
    1.0,
    1.0,
    1.0,
    1.0,
    1.0
  ],
  "val_acc_curve": [
    0.8025220680958386,
    0.9488020176544767,
    0.9707440100882724,
    0.9790668348045397,
    0.980327868852459,
    0.9831021437578814,
    0.9843631778058007,
    0.9846153846153847,
    0.9851197982345523,
    0.9858764186633039,
    0.9861286254728878,
    0.9868852459016394,
    0.987389659520807,
    0.9871374527112232,
    0.987641866330391,
    0.987389659520807,
    0.987641866330391,
    0.9878940731399748,
    0.9878940731399748,
    0.9881462799495586,
    0.9883984867591425,
    0.9886506935687264,
    0.9891551071878941,
    0.9894073139974779,
    0.9894073139974779,
    0.9894073139974779,
    0.9896595208070618,
    0.9896595208070618,
    0.9896595208070618,
    0.9896595208070618
  ]
}