{
  "seq_len": 1000,
  "hidden_dim": 128,
  "batch_size": 128,
  "learning_rate": 0.001,
  "epochs": 30,
  "test_accuracy": 0.7052896725440806,
  "train_acc_curve": [
    0.020511202272010098,
    0.5452824234774377,
    0.9883243925528558,
    1.0,
    0.9996844430419691,
    1.0,
    1.0,
    1.0,
    1.0,
    1.0,
    1.0,
    1.0,
    1.0,
    1.0,
    1.0,
    1.0,
    1.0,
    1.0,
    1.0,
    1.0,
    1.0,
    1.0,
    1.0,
    1.0,
    1.0,
    1.0,
    1.0,
    1.0,
    1.0,
    1.0
  ],
  "val_acc_curve": [
    0.05808080808080808,
    0.3055555555555556,
    0.45454545454545453,
    0.5580808080808081,
    0.6136363636363636,
    0.6313131313131313,
    0.6388888888888888,
    0.6616161616161617,
    0.6666666666666666,
    0.6742424242424242,
    0.6742424242424242,
    0.6792929292929293,
    0.6792929292929293,
    0.6818181818181818,
    0.6818181818181818,
    0.6843434343434344,
    0.6843434343434344,
    0.6843434343434344,
    0.6843434343434344,
    0.6843434343434344,
    0.6868686868686869,
    0.6893939393939394,
    0.6893939393939394,
    0.6868686868686869,
    0.6893939393939394,
    0.6919191919191919,
    0.6919191919191919,
    0.6919191919191919,
    0.6919191919191919,
    0.6893939393939394
  ]
}