{
  "seq_len": 10000,
  "hidden_dim": 128,
  "batch_size": 128,
  "learning_rate": 0.001,
  "epochs": 30,
  "test_accuracy": 0.025,
  "train_acc_curve": [
    0.0031847133757961785,
    0.60828025477707,
    0.9713375796178344,
    1.0,
    1.0,
    1.0,
    1.0,
    1.0,
    1.0,
    1.0,
    1.0,
    1.0,
    1.0,
    1.0,
    1.0,
    1.0,
    1.0,
    1.0,
    1.0,
    1.0,
    1.0,
    1.0,
    1.0,
    1.0,
    1.0,
    1.0,
    1.0,
    1.0,
    1.0,
    1.0
  ],
  "val_acc_curve": [
    0.02564102564102564,
    0.0,
    0.0,
    0.02564102564102564,
    0.0,
    0.0,
    0.0,
    0.0,
    0.0,
    0.0,
    0.0,
    0.0,
    0.0,
    0.0,
    0.0,
    0.0,
    0.0,
    0.0,
    0.0,
    0.0,
    0.0,
    0.0,
    0.0,
    0.0,
    0.0,
    0.0,
    0.0,
    0.0,
    0.0,
    0.0
  ]
}